{
  "svm_word13_balanced": {
    "macro_f1_mean": 0.1051938960324655,
    "macro_f1_std": 0.003508066543865834,
    "acc_mean": 0.5833269906836885,
    "acc_std": 0.030936794343004153
  },
  "svm_char13_balanced": {
    "macro_f1_mean": 0.4483842178295916,
    "macro_f1_std": 0.027765712751669013,
    "acc_mean": 0.6531844481929369,
    "acc_std": 0.024725292367301626
  },
  "svm_char14_balanced": {
    "macro_f1_mean": 0.4492116606556705,
    "macro_f1_std": 0.026267309978176126,
    "acc_mean": 0.6524635842716883,
    "acc_std": 0.02431970607273868
  },
  "svm_char14_unbalanced": {
    "macro_f1_mean": 0.4330015537875638,
    "macro_f1_std": 0.023150127159066124,
    "acc_mean": 0.6825655342166929,
    "acc_std": 0.013656285999180392
  }
}