{
  "majority_macro_f1": {
    "mean": 0.1051938960324655,
    "std": 0.003508066543865834
  },
  "majority_acc": {
    "mean": 0.5833269906836885,
    "std": 0.030936794343004153
  },
  "rule_macro_f1": {
    "mean": 0.29607418793909973,
    "std": 0.026004682756887013
  },
  "rule_acc": {
    "mean": 0.5905247817955263,
    "std": 0.033261321079010975
  },
  "lr_macro_f1": {
    "mean": 0.4417734968642597,
    "std": 0.011714264492794117
  },
  "lr_acc": {
    "mean": 0.6024072969181292,
    "std": 0.013280945386951754
  },
  "svm_macro_f1": {
    "mean": 0.4492116606556705,
    "std": 0.026267309978176126
  },
  "svm_acc": {
    "mean": 0.6524635842716883,
    "std": 0.02431970607273868
  },
  "dataset": {
    "rows_total": 7195,
    "class_dist": {
      "Sorrow": 4072,
      "Confusion": 188,
      "Joy": 1455,
      "Praise": 302,
      "Disgust": 213,
      "Anger": 809,
      "Fear": 156
    }
  },
  "split": "GroupShuffleSplit(test_size=0.2) by full poem, 3 seeds"
}