{
  "models": {
    "tfidf_char13_ovr_lr": {
      "micro_f1": {
        "mean": 0.44824685150119,
        "std": 0.007409941577075413
      },
      "macro_f1": {
        "mean": 0.40213907899831575,
        "std": 0.01228559060953199
      },
      "samples_f1": {
        "mean": 0.31759682277004636,
        "std": 0.005088949664557715
      },
      "subset_accuracy": {
        "mean": 0.21398730341108083,
        "std": 0.00926009154602784
      },
      "hamming_loss": {
        "mean": 0.08774029066444905,
        "std": 0.0009415537462550442
      }
    },
    "tfidf_char14_ovr_linsvm": {
      "micro_f1": {
        "mean": 0.44570892415900804,
        "std": 0.0033085843411045242
      },
      "macro_f1": {
        "mean": 0.39517157659923613,
        "std": 0.00703629075811795
      },
      "samples_f1": {
        "mean": 0.2960065191777735,
        "std": 0.0027701331313942494
      },
      "subset_accuracy": {
        "mean": 0.2561379390030008,
        "std": 0.00464803027664915
      },
      "hamming_loss": {
        "mean": 0.07588522414403515,
        "std": 0.0004890132370318765
      }
    },
    "tfidf_word12_ovr_linsvm": {
      "micro_f1": {
        "mean": 0.0762933899631177,
        "std": 0.003397492342685192
      },
      "macro_f1": {
        "mean": 0.02162069659706076,
        "std": 0.0011843483840236028
      },
      "samples_f1": {
        "mean": 0.07299407574609694,
        "std": 0.0034404410338972893
      },
      "subset_accuracy": {
        "mean": 0.0,
        "std": 0.0
      },
      "hamming_loss": {
        "mean": 0.27739366096034096,
        "std": 0.024443650596653328
      }
    },
    "majority_single_label": {
      "micro_f1": {
        "mean": 0.15096519147381116,
        "std": 0.004885164207519417
      },
      "macro_f1": {
        "mean": 0.01501955692396984,
        "std": 0.000488628419670656
      },
      "samples_f1": {
        "mean": 0.10344350197039459,
        "std": 0.003845785800192186
      },
      "subset_accuracy": {
        "mean": 0.012632926161438447,
        "std": 0.0015212940846637101
      },
      "hamming_loss": {
        "mean": 0.0976739982447394,
        "std": 0.000494618377275639
      }
    }
  },
  "split_sanity_check": {
    "group_split_char14_ovr_linsvm_micro_f1": {
      "mean": 0.44570892415900804,
      "std": 0.0033085843411045242
    },
    "random_split_char14_ovr_linsvm_micro_f1": {
      "mean": 0.4655361598195313,
      "std": 0.0017901130189558094
    }
  },
  "dataset": {
    "rows_total": 10122,
    "rows_with_nonempty_label": 7195,
    "rows_without_label": 2927,
    "label_count_distribution": {
      "0": 2927,
      "1": 3647,
      "2": 3121,
      "3": 427
    },
    "label_frequency": {
      "羁旅": 794,
      "伤逝": 391,
      "偃蹇": 871,
      "悲愁": 1520,
      "忧伤": 1611,
      "思念": 893,
      "孤寂": 1023,
      "讥讽": 259,
      "喜悦": 324,
      "爱恋": 110,
      "壮思": 552,
      "淡泊": 467,
      "宴息": 236,
      "慷慨": 520,
      "愤恨": 689,
      "惊恐": 213,
      "赞美": 336,
      "迷茫": 361
    },
    "evaluation_protocol": "3 seeds; group split by full poem (80/20) unless explicitly noted"
  }
}