{
  "labels": [
    "哀",
    "恶",
    "乐",
    "怒",
    "惧",
    "好",
    "惊"
  ],
  "per_class": {
    "哀": {
      "precision": 0.7845433255269321,
      "recall": 0.7622298065984073,
      "f1": 0.7732256203115984,
      "support": 879
    },
    "恶": {
      "precision": 0.14814814814814814,
      "recall": 0.21621621621621623,
      "f1": 0.17582417582417584,
      "support": 37
    },
    "乐": {
      "precision": 0.5733333333333334,
      "recall": 0.5620915032679739,
      "f1": 0.5676567656765676,
      "support": 306
    },
    "怒": {
      "precision": 0.4585635359116022,
      "recall": 0.46111111111111114,
      "f1": 0.4598337950138504,
      "support": 180
    },
    "惧": {
      "precision": 0.4146341463414634,
      "recall": 0.4358974358974359,
      "f1": 0.425,
      "support": 39
    },
    "好": {
      "precision": 0.31666666666666665,
      "recall": 0.3584905660377358,
      "f1": 0.336283185840708,
      "support": 53
    },
    "惊": {
      "precision": 0.36363636363636365,
      "recall": 0.41379310344827586,
      "f1": 0.3870967741935484,
      "support": 29
    }
  },
  "macro_f1": 0.44641718812292125,
  "accuracy": 0.6441234405778069,
  "confusion_matrix": [
    [
      670,
      27,
      75,
      63,
      8,
      22,
      14
    ],
    [
      9,
      8,
      10,
      5,
      1,
      3,
      1
    ],
    [
      86,
      11,
      172,
      20,
      3,
      10,
      4
    ],
    [
      55,
      3,
      20,
      83,
      11,
      6,
      2
    ],
    [
      10,
      2,
      4,
      6,
      17,
      0,
      0
    ],
    [
      10,
      3,
      17,
      4,
      0,
      19,
      0
    ],
    [
      14,
      0,
      2,
      0,
      1,
      0,
      12
    ]
  ]
}